policy,episode,seed,success,landing_error_xy_m,landing_x_m,landing_y_m,has_fallen,torso_tilt_deg,reward_sum
baseline,0,2026,True,0.012032954237389695,0.5467038197537045,-0.01157269128003706,False,3.137466324125546,65.56039100042673
baseline,1,2027,True,0.012821618821702024,0.5463537803367444,-0.012292232969493852,False,3.130064665183194,65.16581100482014
baseline,2,2028,True,0.011303041299943787,0.5470591232993912,-0.01091375218978565,False,3.1258360095816338,65.92567899628371
baseline,3,2029,True,0.010904749497839122,0.5474895057737635,-0.010611832092087388,False,3.1178286935076063,66.12512839514817
baseline,4,2030,True,0.0116018818807374,0.546929748781982,-0.011188262627988374,False,3.1318966458339923,65.77615182352285
baseline,5,2031,True,0.011463187396237948,0.5469894313457696,-0.011060792994149818,False,3.1286356438252736,65.84554182713957
baseline,6,2032,True,0.011123084355779418,0.5472064924504741,-0.010766583541519874,False,3.1215242042242246,66.01577019667806
baseline,7,2033,True,0.012132260382784017,0.5465801798742219,-0.011640299493698323,False,3.1373514390797985,65.51066867925543
baseline,8,2034,True,0.012488482552523198,0.5464097676634541,-0.011961288736348432,False,3.141672686774695,65.33244236176222
baseline,9,2035,True,0.012237606952706844,0.5465260110131139,-0.011734156315983391,False,3.138244172040479,65.45797233940677
baseline,10,2036,True,0.010786074269609303,0.5475894183346163,-0.01051325326357372,False,3.1132558827409973,66.18455085686337
baseline,11,2037,True,0.011014561877593284,0.5474145371539747,-0.010706818165410012,False,3.1192416935051095,66.07016647883292
baseline,12,2038,True,0.01124428760701872,0.5471149854143843,-0.010867874430179033,False,3.1246310245258884,65.95509916432466
baseline,13,2039,True,0.011039241712565227,0.5473042732520467,-0.010705041564085997,False,3.1166208745593145,66.05777368032533
baseline,14,2040,True,0.01118623505212843,0.5472156372161747,-0.01083416718209181,False,3.123079728760592,65.98418787531101
baseline,15,2041,True,0.011141767882312007,0.5471980104168854,-0.010783684246093102,False,3.1207344390888583,66.00642921579586
baseline,16,2042,True,0.011647447553405634,0.547025304980807,-0.011261182178267218,False,3.129726101186866,65.75339549924797
baseline,17,2043,True,0.010836698563249902,0.5475091054007178,-0.010546538761414063,False,3.1146089922457643,66.15918310589342
baseline,18,2044,True,0.011340390945188957,0.5470170651713053,-0.010941049611325401,False,3.126162866396284,65.90698121217852
baseline,19,2045,True,0.010773868352102518,0.5475653095251933,-0.010495166580875298,False,3.1124005365817773,66.19064121333034
baseline,20,2046,True,0.011551062777898403,0.5470822994991753,-0.011176496547954419,False,3.1283933817703455,65.80162576460754
baseline,21,2047,True,0.01152753933972063,0.5470080842204611,-0.011132502108553701,False,3.1291841364666286,65.81336642870973
baseline,22,2048,True,0.010824562606016087,0.5474992670847171,-0.01053173729723554,False,3.1110516747654353,66.1652531318925
baseline,23,2049,True,0.011949108081127015,0.5468001419689862,-0.011512692670084226,False,3.135169237956751,65.60238123785255
baseline,24,2050,True,0.011035667983878566,0.5473457950775517,-0.010711730209450439,False,3.1172860475725503,66.05958197618918
baseline,25,2051,True,0.011509318023085963,0.5470930682840983,-0.011136164032359437,False,3.1279168711592673,65.82251730260697
baseline,26,2052,True,0.011715132972985135,0.5468715667566737,-0.011289696453703887,False,3.1312090498088363,65.71944805051197
baseline,27,2053,True,0.010812084114183067,0.5474770744451046,-0.010513610680286079,False,3.1114778418428846,66.17148993792271
baseline,28,2054,True,0.011172377526039334,0.5471931679766772,-0.010814051672578507,False,3.123445478996722,65.9911067672134
baseline,29,2055,True,0.010873762920110299,0.5474317788100674,-0.010566123222939755,False,3.112990532480674,66.14060804794333
baseline,30,2056,True,0.010989512342916433,0.5474062190951358,-0.010679030019279561,False,3.118573573646651,66.08268708260314
baseline,31,2057,True,0.010742047941002517,0.5476189573613324,-0.010474837942404783,False,3.1124983500233436,66.20658518126834
baseline,32,2058,True,0.01145614779379007,0.5471332342019556,-0.01109166246025922,False,3.1265848217564276,65.84913627545676
baseline,33,2059,True,0.011439726669845758,0.546946868133376,-0.011024778096895426,False,3.1290803027679477,65.8572440174314
baseline,34,2060,True,0.010796336952244166,0.5475587130700107,-0.01051670146537668,False,3.1104417753734266,66.17941285783085
baseline,35,2061,True,0.011929363957715225,0.5466915196950437,-0.01146139967488051,False,3.1354130026291354,65.61220354943754
baseline,36,2062,True,0.01087595321906487,0.5475111914032699,-0.010587359925502178,False,3.1163660166616425,66.1395472686514
baseline,37,2063,True,0.012050061160846746,0.5468151812081496,-0.011621570601395657,False,3.1359271749208237,65.55189392670574
baseline,38,2064,True,0.011113416542484381,0.5472652038310023,-0.010771671976104766,False,3.1192558860645287,66.02065675160053
baseline,39,2065,True,0.011072407911277631,0.5473484562201275,-0.01075023406894672,False,3.1214196656491313,66.04119115586788
baseline,40,2066,True,0.012383728333842752,0.5463754856520252,-0.011841436702855965,False,3.1394208347378325,65.38483403718884
baseline,41,2067,True,0.010867233026583427,0.5474739910129011,-0.010569580514436737,False,3.1138779189735706,66.14390093001045
baseline,42,2068,True,0.011190645902912601,0.5472608573700622,-0.010850237480222819,False,3.123294562315774,65.98200457184053
baseline,43,2069,True,0.011728564402750297,0.5467909027714688,-0.011280998090917954,False,3.132328883407526,65.71269913071606
baseline,44,2070,True,0.011706917324232043,0.5468164163390988,-0.011265731592331105,False,3.131789560402615,65.72353900184723
baseline,45,2071,True,0.010778015618489671,0.547566027539343,-0.01049959040787642,False,3.1122585170596904,66.18857124462994
baseline,46,2072,True,0.011828708439630738,0.5467696625182205,-0.011379071275969817,False,3.133999293044576,65.66259190608433
baseline,47,2073,True,0.010936745969530948,0.5474526539146798,-0.010635950372376463,False,3.1143383504658093,66.10912157389058
baseline,48,2074,True,0.011976162867811049,0.5466536390591163,-0.011499145424320198,False,3.1366348991722894,65.58877858377897
baseline,49,2075,True,0.011296918024239967,0.547222457394337,-0.010950142187210361,False,3.1239251047448184,65.92882803793484
baseline,50,2076,True,0.011797389437062147,0.5467621379429879,-0.011344366303565244,False,3.1336304438224314,65.6782511960492
baseline,51,2077,True,0.010813143921814412,0.547556302473869,-0.010533395647874096,False,3.113161427710038,66.17099347700871
baseline,52,2078,True,0.011178200120416138,0.5471667472617705,-0.010813178850522458,False,3.122606110373193,65.98818300957223
baseline,53,2079,True,0.011338449977043835,0.5470769835916537,-0.01095520072652543,False,3.1262584644581493,65.90797827765373
baseline,54,2080,True,0.012056646000453489,0.5466777463878167,-0.011589881091563715,False,3.1381746774345682,65.54851682697831
baseline,55,2081,True,0.011798450752981474,0.5469149116668177,-0.011387961632662423,False,3.132612021356157,65.67780043285788
baseline,56,2082,True,0.011710982445181223,0.5469785962232429,-0.01131451408807025,False,3.131263566511032,65.72158459388896
baseline,57,2083,True,0.01079812869442663,0.547578119024185,-0.010523025983070873,False,3.1135249097088797,66.17851365865357
baseline,58,2084,True,0.01103689710344257,0.547359454450363,-0.010716371441503475,False,3.1188194665229663,66.058964178316
baseline,59,2085,True,0.011552144764556984,0.5471038307311179,-0.011183212965300447,False,3.1275987950252913,65.80110394324656
baseline,60,2086,True,0.01304742021938585,0.5462834080500126,-0.012506882851395366,False,3.1339942303830943,65.05282513457138
baseline,61,2087,True,0.01168085788063286,0.546918150031119,-0.011266971269904374,False,3.130985917342721,65.73662147747991
baseline,62,2088,True,0.011568783859731695,0.54692134515347,-0.011151620704145462,False,3.1315423942348066,65.79270114298805
baseline,63,2089,True,0.012838727899005503,0.5464100275614786,-0.012326598555780046,False,3.1309061905779942,65.15727380950088
baseline,64,2090,True,0.0112807852090678,0.5471835891417395,-0.010923550009525055,False,3.1248051442881115,65.93687563707056
baseline,65,2091,True,0.01218113173830009,0.5466227905541275,-0.011703607426111463,False,3.136275732668332,65.48624208867322
baseline,66,2092,True,0.0111042430940539,0.5472365446849595,-0.01075488397955171,False,3.120741802688813,66.02522113231824
baseline,67,2093,True,0.010667745306705471,0.5477004217105336,-0.010416944351360962,False,3.111053356192697,66.24379558281332
baseline,68,2094,True,0.012942571165961887,0.546364285702248,-0.012421422218534789,False,3.1336200395266873,65.1053063307527
baseline,69,2095,True,0.010726710782487615,0.5475795751487545,-0.01045006544240797,False,3.109545505936346,66.21424529825626
baseline,70,2096,True,0.011951951318667928,0.5467161008857807,-0.011491960099627805,False,3.138428583304662,65.60093528356008
baseline,71,2097,True,0.012368560575914527,0.5465136499437228,-0.011867040659118113,False,3.1390418003524387,65.39244915325486
baseline,72,2098,True,0.011516884775753869,0.5469083327508536,-0.011094152899547875,False,3.130401056677445,65.818632228998
baseline,73,2099,True,0.011393428184172036,0.5470513123732273,-0.011005246342885893,False,3.1275978796769124,65.88047118304294
baseline,74,2100,True,0.011625829350963032,0.546851626916719,-0.011191409876605567,False,3.1322984820227058,65.76412972787699
baseline,75,2101,True,0.012229345492028448,0.54658545322124,-0.011742987756915006,False,3.137283086380254,65.46211189664155
baseline,76,2102,True,0.012076345048263833,0.5467632724439738,-0.011634504907936001,False,3.1370369315518913,65.53871651946845
baseline,77,2103,True,0.010711652976285287,0.5476129316445961,-0.010442289698671966,False,3.1100052503796363,66.22178969166544
baseline,78,2104,True,0.010979677963724607,0.5473895596466977,-0.010664845491095983,False,3.1194534826494857,66.08759724354493
baseline,79,2105,True,0.010714013698855052,0.5476488894519258,-0.010452864140032997,False,3.112336073225618,66.22061974246805
baseline,80,2106,True,0.01147039736653749,0.5470622313945374,-0.011087810034764665,False,3.127723532795413,65.8419679631837
baseline,81,2107,True,0.011535131413462112,0.5470433265068106,-0.011149768543808954,False,3.1288252018282474,65.80957862346578
baseline,82,2108,True,0.01132517266127774,0.5470566130602379,-0.010935996028281573,False,3.125457930854026,65.91461338933058
baseline,83,2109,True,0.012628205495216472,0.5465397682688197,-0.012144890711568712,False,3.1270540117136423,65.26265110521648
baseline,84,2110,True,0.011667847937721076,0.5468526098358981,-0.011235328684675692,False,3.131835729202526,65.7431064812167
baseline,85,2111,True,0.011201724632911164,0.5472135892960778,-0.010849633640848715,False,3.1236939375755943,65.97643910927383
baseline,86,2112,True,0.01200330817165918,0.5466463348542501,-0.011525291196061029,False,3.1380022292479346,65.5751931828298
baseline,87,2113,True,0.01146311844060477,0.5470501824417603,-0.011077078168742585,False,3.1279648151885615,65.8456024440701
baseline,88,2114,True,0.011089591317609428,0.5473691279738035,-0.010773000880598457,False,3.122104859978935,66.03260919279333
baseline,89,2115,True,0.011703064324565903,0.5469184431116655,-0.011290071821245647,False,3.131073275883554,65.72551970386965
baseline,90,2116,True,0.010805734517483654,0.5475528130314593,-0.010524978593961228,False,3.11487076993755,66.17469295726681
baseline,91,2117,True,0.011844359941392367,0.546831318879369,-0.011412638712279315,False,3.133941696924478,65.65478476321461
baseline,92,2118,True,0.011936497642980676,0.5467444931733133,-0.011483973671263763,False,3.135535010893179,65.60866269340966
baseline,93,2119,True,0.012921788731590278,0.546336243450097,-0.012391509672630537,False,3.131325810770529,65.11569893881932
baseline,94,2120,True,0.011951283445358337,0.5467057283226603,-0.011488296222990307,False,3.137969177554852,65.60126332128024
baseline,95,2121,True,0.011884864057103125,0.5469178656115972,-0.011478259505153477,False,3.1327293993030985,65.63457997700974
baseline,96,2122,True,0.011360210911150704,0.5471557785739423,-0.01099839972111313,False,3.1258175176633824,65.89713347740728
baseline,97,2123,True,0.011614641302427087,0.5468840129668316,-0.011188856840319818,False,3.1325606048818155,65.76974670397752
baseline,98,2124,True,0.011704901382399083,0.547011876206584,-0.011317059360404043,False,3.129748943934277,65.72465148792128
baseline,99,2125,True,0.011400214227621856,0.5469777604650584,-0.010992313342927756,False,3.1278809410493316,65.87702540312954
ppo_best,0,2026,True,0.007418608645862971,0.5473684301151196,-0.006936180085714552,False,3.1538693179764286,67.76942051754797
ppo_best,1,2027,True,0.007768739471747404,0.547165060710787,-0.0072330098995067186,False,3.1605508522236234,67.59420818855935
ppo_best,2,2028,True,0.0066637743795236615,0.5477661974718362,-0.006278217521427936,False,3.1442569166838323,68.14724137480405
ppo_best,3,2029,True,0.006124548967045741,0.5481925904841607,-0.00585178356501626,False,3.134353186099222,68.41722467012131
ppo_best,4,2030,True,0.007022844212086201,0.5476338257908194,-0.006612228099441303,False,3.148622268553204,67.96774305458602
ppo_best,5,2031,True,0.006723006290966183,0.5476844986003354,-0.006311677024097637,False,3.1449368639925823,68.11745522841349
ppo_best,6,2032,True,0.006413696818161916,0.5479202976206983,-0.0060671529475386414,False,3.138863937454897,68.27247662080588
ppo_best,7,2033,True,0.00775198635319164,0.5472136840596228,-0.007233929492362295,False,3.145824702549451,67.60249352999855
ppo_best,8,2034,True,0.007908391591805267,0.5471095650845366,-0.007361252853204125,False,3.1618912890785387,67.52443071281742
ppo_best,9,2035,True,0.007890220506189167,0.5471165698313473,-0.007344481608581441,False,3.1462018637654388,67.53362689349326
ppo_best,10,2036,True,0.0053664257826189915,0.5484382970502669,-0.005134161039269485,False,3.1433133741256163,68.79631935804548
ppo_best,11,2037,True,0.006164458991301109,0.5481899550093654,-0.005892732115692307,False,3.1361802850570952,68.3971431821889
ppo_best,12,2038,True,0.006592842959919156,0.5478451649145354,-0.006230751483457361,False,3.1421118435384074,68.18287820398078
ppo_best,13,2039,True,0.005669310923720377,0.5481368595574931,-0.0053544181795327096,False,3.144873857082537,68.64461800959414
ppo_best,14,2040,True,0.006608467448003234,0.5479091673294847,-0.006268992004718464,False,3.1432647512962433,68.17512974471234
ppo_best,15,2041,True,0.0062580324695451954,0.5479315169066113,-0.005906297324233438,False,3.1388368576237533,68.35012604410932
ppo_best,16,2042,True,0.006809552629762617,0.5477264538770179,-0.006418800124959482,False,3.1465144144559867,68.07417158896513
ppo_best,17,2043,True,0.006150078229659698,0.5482297860678251,-0.005889805163608385,False,3.1357328674604608,68.40448032514621
ppo_best,18,2044,True,0.006836873769334227,0.5476998824477645,-0.006438346230493371,False,3.1452113494079126,68.06068446578145
ppo_best,19,2045,True,0.00547862276721601,0.5484659343922631,-0.005259462913322642,False,3.142117629291573,68.74024111233
ppo_best,20,2046,True,0.006799033589889303,0.547802568708796,-0.006434139684284151,False,3.1450180943710575,68.07948478106006
ppo_best,21,2047,True,0.0070242531318000095,0.5476811182710893,-0.00663045395029076,False,3.148130892756109,67.9670350958043
ppo_best,22,2048,True,0.005491936410991162,0.548371808607184,-0.005245031775950492,False,3.141230569476905,68.73350857310383
ppo_best,23,2049,True,0.0072062290848594135,0.5475408065361342,-0.006773633082087739,False,3.1527908721540894,67.87557794201535
ppo_best,24,2050,True,0.006146513140880571,0.5480555105012269,-0.005830830505183509,False,3.136461576116109,68.40614421202578
ppo_best,25,2051,True,0.006894871191635921,0.5477574993885509,-0.006520003048841399,False,3.1450225405864956,68.03171739067788
ppo_best,26,2052,True,0.007083175742591254,0.5476268724412935,-0.0066738028282637045,False,3.148034857276462,67.93727872232421
ppo_best,27,2053,True,0.005374692924291185,0.5483464996084396,-0.005114025858903653,False,3.1431932898723995,68.79207408321705
ppo_best,28,2054,True,0.006188925381145357,0.5480257534615736,-0.005865590164586702,False,3.140377168378225,68.38446358839325
ppo_best,29,2055,True,0.005653999117617919,0.5483018927325991,-0.005392971141256396,False,3.1442679073059256,68.65251664941412
ppo_best,30,2056,True,0.0061772865130398855,0.5481705906909278,-0.0059001805263961355,False,3.1366303289878164,68.3907399958152
ppo_best,31,2057,True,0.005758908966932039,0.5483009831083296,-0.005502578858247184,False,3.13233077066721,68.60002781318342
ppo_best,32,2058,True,0.00674021014101274,0.5478171854919309,-0.006376970563549273,False,3.1437093178389697,68.10917568736077
ppo_best,33,2059,True,0.00671170233118892,0.5476868661269529,-0.006300504731198041,False,3.145207842921054,68.1229707284501
ppo_best,34,2060,True,0.005461280766070903,0.5484439387401919,-0.005234907922932395,False,3.1428140312116355,68.74909884455649
ppo_best,35,2061,True,0.007297438129927359,0.5473780540065983,-0.006810139680491321,False,3.1519924919649718,67.83000552003816
ppo_best,36,2062,True,0.006020051278671334,0.5482353934395893,-0.005755621694029899,False,3.1347087541887944,68.46950465293885
ppo_best,37,2063,True,0.007207026850437847,0.5475476154075221,-0.006776949596500527,False,3.1522969221215007,67.87504111260179
ppo_best,38,2064,True,0.0063872227254470944,0.5480118191055716,-0.006069905343207387,False,3.139300724249002,68.28582648487797
ppo_best,39,2065,True,0.006275120808866821,0.5481162620071198,-0.005985705667676368,False,3.1377906906063697,68.34177390881968
ppo_best,40,2066,True,0.00807123500259728,0.5470046857289214,-0.007494860031022853,False,3.1503053076881686,67.44302997864503
ppo_best,41,2067,True,0.00550442353056863,0.5483029172738776,-0.005236276217368063,False,3.1432194944850362,68.72726238881307
ppo_best,42,2068,True,0.0064375907535444196,0.5480283564649061,-0.006128229473562727,False,3.14018169997692,68.26052054491085
ppo_best,43,2069,True,0.007252262507866905,0.5474436861914435,-0.006786793881885238,False,3.1501054303557594,67.8528801095116
ppo_best,44,2070,True,0.006908809792591982,0.5476259265822144,-0.006488098963269486,False,3.1487604524094195,68.02424122535642
ppo_best,45,2071,True,0.00536056777073545,0.5483930001548373,-0.005114023691995811,False,3.141053206983335,68.79919583716288
ppo_best,46,2072,True,0.007273791854203071,0.5474644235783463,-0.006817543556753033,False,3.1507452319102147,67.84209401277577
ppo_best,47,2073,True,0.006004224651469856,0.5482603369248364,-0.005746676087115981,False,3.134552857672619,68.47742794066973
ppo_best,48,2074,True,0.0074056554506418395,0.5473464854722269,-0.006913941951196717,False,3.1527928331119712,67.77594565798441
ppo_best,49,2075,True,0.006560930962983541,0.5479415995096708,-0.006229671140794552,False,3.1413609205350888,68.19881355122695
ppo_best,50,2076,True,0.00728714707135305,0.5474015205214191,-0.006808114044206594,False,3.1508973634138453,67.83521491937603
ppo_best,51,2077,True,0.006031517774241028,0.5482756326712067,-0.00577977196577647,False,3.134976517125999,68.46392204844872
ppo_best,52,2078,True,0.006428699041548216,0.547922095928805,-0.006083624416227069,False,3.139787819671473,68.26485893200346
ppo_best,53,2079,True,0.006624868874165439,0.5478380610947889,-0.00626218075194422,False,3.1436951049938373,68.1667597515379
ppo_best,54,2080,True,0.0077507990094643296,0.5471944907437307,-0.007225233774633204,False,3.1452390139861928,67.60337158012437
ppo_best,55,2081,True,0.006936843506803468,0.5476807742745576,-0.006537659357317998,False,3.147399038636298,68.01020191676398
ppo_best,56,2082,True,0.007186088055745642,0.5476317081556669,-0.006784619022833568,False,3.149914340593064,67.88601315639367
ppo_best,57,2083,True,0.005915632423071872,0.5482831461917368,-0.005661017573365336,False,3.1323033436773406,68.52189003416808
ppo_best,58,2084,True,0.0062026952409405065,0.5481639429432256,-0.005924721321400244,False,3.137724981587208,68.37796808144223
ppo_best,59,2085,True,0.006754563092147609,0.5478588487510815,-0.006406215255129752,False,3.144739889639213,68.10186009167803
ppo_best,60,2086,True,0.00817955952366628,0.5469703710942648,-0.00759779854265256,False,3.149597674554565,67.38867309192214
ppo_best,61,2087,True,0.007207390420509842,0.5475899240960929,-0.006792496655211765,False,3.1503634357169084,67.8753905209914
ppo_best,62,2088,True,0.007046824756640207,0.5475900969353656,-0.006621941284084528,False,3.148238357857553,67.95569976815405
ppo_best,63,2089,True,0.008174507850982534,0.5470305045693787,-0.007616080060851137,False,3.150513298314792,67.39129499450505
ppo_best,64,2090,True,0.0067507533588032215,0.5478694425202708,-0.006405731475558649,False,3.1434875373961746,68.10379954636186
ppo_best,65,2091,True,0.007515332383607676,0.547334891006479,-0.007026906494948942,False,3.154064571417282,67.72111400070102
ppo_best,66,2092,True,0.0063526479226415,0.5479861985964107,-0.0060250095050500205,False,3.139530248257874,68.30311274742401
ppo_best,67,2093,True,0.005153768753930615,0.5485407506083692,-0.004942865927983118,False,3.1403406953223056,68.90262137481702
ppo_best,68,2094,True,0.007686633930705997,0.5472619446309579,-0.007182436493331507,False,3.1602585876500973,67.63498898729962
ppo_best,69,2095,True,0.005923389239685891,0.5482570295268417,-0.00566114776476687,False,3.1317400085341047,68.5179612943074
ppo_best,70,2096,True,0.007355284813365944,0.5473946726055124,-0.006878407072372509,False,3.154434485204117,67.8011437201286
ppo_best,71,2097,True,0.007756921495280528,0.5471675624955052,-0.007221296896477556,False,3.1583920821269236,67.60032235767676
ppo_best,72,2098,True,0.006879469050059502,0.5476197677821015,-0.006454578917296194,False,3.147315935365132,68.03913700364194
ppo_best,73,2099,True,0.006705341851461151,0.5478452010203351,-0.006349681149647692,False,3.145351790026634,68.12654655027686
ppo_best,74,2100,True,0.00739942431442184,0.5474613883480292,-0.006950318774368176,False,3.140814197533824,67.77935383083133
ppo_best,75,2101,True,0.00790969387415834,0.5471181309451838,-0.0073660089555871765,False,3.1451937496709843,67.52390670415953
ppo_best,76,2102,True,0.007229242240208461,0.5475164481999922,-0.006789249871988231,False,3.152227095178535,67.86387971306162
ppo_best,77,2103,True,0.005834808586602732,0.5483664167360284,-0.005601463823141646,False,3.13222426107797,68.56216845235103
ppo_best,78,2104,True,0.006201660300868253,0.5480926690684844,-0.005901074411075414,False,3.1357703954213743,68.37861053181126
ppo_best,79,2105,True,0.005525570405379514,0.5484901622652942,-0.005315290991061952,False,3.1410948363807134,68.71695098377549
ppo_best,80,2106,True,0.006757640941253564,0.5478012382448145,-0.006389926277731211,False,3.1440797160198826,68.10027311418551
ppo_best,81,2107,True,0.006593535698524991,0.5478099280231185,-0.006219187868508347,False,3.1436569637115763,68.18197241929877
ppo_best,82,2108,True,0.006682408716539015,0.5477420054037756,-0.006289359797173144,False,3.1436882971247146,68.13806578088307
ppo_best,83,2109,True,0.007473175839590913,0.547368765222721,-0.006994637994655825,False,3.1543521127935406,67.74221217673164
ppo_best,84,2110,True,0.007063928925916518,0.5476210020765835,-0.006651275122168665,False,3.1485618314756545,67.9470428067964
ppo_best,85,2111,True,0.006536680175723198,0.5479188369901324,-0.006196527111701478,False,3.1411718064113687,68.21099316960867
ppo_best,86,2112,True,0.007777537837410981,0.5472216483738983,-0.0072643552400813455,False,3.1473409031579087,67.59003854160797
ppo_best,87,2113,True,0.006833979712205977,0.5477127715196369,-0.006439865261436666,False,3.1457652751859544,68.06207256311016
ppo_best,88,2114,True,0.006285063715433877,0.5480464490606072,-0.00597374795536778,False,3.1377851241022134,68.33672310905087
ppo_best,89,2115,True,0.007029470552636065,0.5475996533578804,-0.00660695029859031,False,3.1480385039554486,67.96436447707129
ppo_best,90,2116,True,0.005893913966029284,0.5482165721625798,-0.00561761577430048,False,3.1327905760059527,68.53248913784326
ppo_best,91,2117,True,0.007484243318562552,0.5474474505392983,-0.007035509171489977,False,3.1408682078569905,67.73661791237289
ppo_best,92,2118,True,0.007310899298063331,0.5474626065606224,-0.006856448284660666,False,3.1516104235998017,67.82335024738964
ppo_best,93,2119,True,0.008105732508593921,0.5470601190535522,-0.007553806955541649,False,3.1503308664023333,67.42566823160213
ppo_best,94,2120,True,0.007192138731489551,0.5473936332509342,-0.0067032612885338004,False,3.153999581168822,67.88251162155416
ppo_best,95,2121,True,0.007207489277802214,0.5475918723978984,-0.006793292511119342,False,3.150408245062534,67.87533104581472
ppo_best,96,2122,True,0.0067150422769262415,0.547835171016702,-0.006356516990772497,False,3.143113905316847,68.12179943218196
ppo_best,97,2123,True,0.0070163248918161565,0.5475534183479099,-0.006575945042894978,False,3.1503493501701945,67.97082413661062
ppo_best,98,2124,True,0.006747653476016509,0.5477769874588381,-0.006370953042852715,False,3.1447921605846054,68.10489553011209
ppo_best,99,2125,True,0.006758159177705234,0.5477522742182892,-0.006373417002004017,False,3.144216222098399,68.09988231735855
ppo_final,0,2026,False,0.14698941140141375,0.551604494674472,-0.14698065403641955,False,3.2372981088488912,-12.535702965932824
ppo_final,1,2027,False,0.20350621851807543,0.7252237282118446,-0.10349601947451079,False,3.388235862238417,-41.08153810036208
ppo_final,2,2028,False,0.15905290231607566,0.637062797891432,0.13310858333887704,False,3.2592440827366187,-18.35591996179938
ppo_final,3,2029,False,0.3299614366304978,0.7825419044315699,0.23409146149870708,False,3.3262797225000913,-64.42122264930016
ppo_final,4,2030,False,0.23453452146575596,0.7523874218388193,0.11851486506175905,False,3.362562204935848,-56.600081802945525
ppo_final,5,2031,False,0.3305331301449279,0.7726697371620748,0.24427512823776473,False,3.3642828157820213,-64.42782701182031
ppo_final,6,2032,True,0.08337324000860917,0.5961481422097531,0.06943663384785842,False,3.2840342864361864,29.635872988575322
ppo_final,7,2033,False,0.18049614199090344,0.717280706858926,0.06779397013288475,False,3.2812524293096055,-29.27973172958991
ppo_final,8,2034,False,0.3675953172656043,0.8002626707446682,0.26924879369710486,False,3.2867585424887933,-64.42917339654501
ppo_final,9,2035,False,0.16303280210604487,0.6105043363630329,0.15138995952115772,False,3.28030742114839,-20.564496771746278
ppo_final,10,2036,False,0.2850504429519578,0.7420872632400511,0.21060920760511553,False,3.3455066214943976,-64.34515649340713
ppo_final,11,2037,False,0.37845129344395684,0.7635198088106949,0.312465474500541,False,3.3467611965835564,-64.42790441008003
ppo_final,12,2038,False,0.24786604098330065,0.7717946634414503,-0.11065577952203437,False,3.2750020160064066,-63.26270185171413
ppo_final,13,2039,False,0.281342314879339,0.8000769456987881,0.12889926055501852,False,3.3942932426713273,-64.34198266049691
ppo_final,14,2040,False,0.2867206562955387,0.8094145812871208,0.12211801571501339,False,3.3365230601207054,-64.35071672546756
ppo_final,15,2041,False,0.3148948461467914,0.767699706438063,-0.22752055280038475,False,3.319254981047601,-64.41674486956873
ppo_final,16,2042,False,0.33279429064617594,0.6893497480923068,-0.3022146382842864,False,3.343001915129631,-64.42801636717738
ppo_final,17,2043,False,0.2010682657491739,0.3993758550556856,-0.13319464873325274,False,3.1607157793876905,-39.86307001857806
ppo_final,18,2044,False,0.30215545006356,0.8104636551664824,0.15315547767033413,False,3.3676682925495385,-64.35140349810669
ppo_final,19,2045,False,0.3797786139502434,0.7695339537101571,0.30989778763707665,False,3.254275192623629,-64.43594594433773
ppo_final,20,2046,False,0.2550464914136691,0.8029054192805175,-0.03297820008685185,False,3.3227470319794583,-64.34928592793722
ppo_final,21,2047,False,0.33078978206108,0.6913245434141536,-0.2990806803268941,False,3.366567742195307,-64.40864014012236
ppo_final,22,2048,False,0.35973361225232814,0.902463196952821,-0.07195808903733703,False,3.274921439367467,-64.36437366511501
ppo_final,23,2049,False,0.22310674402342218,0.44824348594460894,0.19855032378726511,False,3.294219853493066,-50.87142084911776
ppo_final,24,2050,True,0.08568010697391414,0.62299504884144,-0.0448642795071666,False,3.4139700113531943,28.274654447914287
ppo_final,25,2051,False,0.1965665644085144,0.5569440197949035,-0.19644387196462665,False,3.247484271197022,-37.472947232687766
ppo_final,26,2052,True,0.09790570113250292,0.6354241981672138,-0.04783547513859948,False,3.2757932251507795,22.159224628130268
ppo_final,27,2053,False,0.20684954886455767,0.688949498367667,0.15323110901133868,False,3.2317809607196986,-42.54071436188365
ppo_final,28,2054,False,0.1199110043431226,0.5668752979416873,0.11871761993047052,False,3.290551733146798,1.2154287565124107
ppo_final,29,2055,False,0.30641358361176435,0.76095346913701,0.22223392648482876,False,3.3716958764729448,-64.34920932383258
ppo_final,30,2056,False,0.14277360574192746,0.5772575810223702,0.14014751789939153,False,3.239334405029478,-10.217791479057247
ppo_final,31,2057,False,0.19813121483229568,0.6202019481089205,0.18527726458644014,False,3.3671181033292754,-37.89575183561583
ppo_final,32,2058,False,0.3347253473745405,0.8221187633996524,0.1949164866830172,False,3.281216091047306,-64.36277762286429
ppo_final,33,2059,True,0.01811838331388157,0.5669921772877622,-0.006288221126042117,False,3.3063983997811066,62.27646638697705
ppo_final,34,2060,False,0.18245786851394152,0.7133472185328543,0.08129305001185969,False,3.384326136299395,-30.0615404509789
ppo_final,35,2061,False,0.27655673258211216,0.38866612239982495,-0.22462191850971627,False,3.1851363130033454,-64.4010891982909
ppo_final,36,2062,False,0.41657921299506806,0.7788264214611347,0.348104452055531,False,3.3853571738049237,-64.56461587668898
ppo_final,37,2063,False,0.2203823080982968,0.705390993223486,0.15627540096813433,False,3.3611412934006926,-49.455466315356645
ppo_final,38,2064,False,0.1542844464521355,0.7020926523062089,-0.025913616719874005,False,3.329895640525575,-15.984399199489065
ppo_final,39,2065,True,0.0813580468731398,0.4687177064889253,-0.0035100644711329007,False,3.2467722403992805,30.506554947855847
ppo_final,40,2066,False,0.2647694139311384,0.7966462087202252,-0.09627299869318315,False,3.3562382353348363,-64.33380324711472
ppo_final,41,2067,True,0.08357377260745343,0.5821693739856945,-0.07713434283904194,False,3.3309117977881506,29.3778367934942
ppo_final,42,2068,True,0.09260001140799004,0.5978663758276399,0.07926898622971673,False,3.290134989366484,24.8097522780247
ppo_final,43,2069,False,0.2631843707969208,0.7984424669636513,0.08684672498595535,False,3.3621470621854774,-64.34354541225235
ppo_final,44,2070,False,0.20268987942433248,0.46443609560071275,0.183744402595018,False,3.2402195581692212,-40.463914070452354
ppo_final,45,2071,False,0.3573407015767024,0.6881173207523743,-0.32956938982787165,False,3.332820272381523,-64.55453842600652
ppo_final,46,2072,False,0.14439502140271304,0.6124414995783043,-0.13019593440773253,False,3.2882998611870495,-11.090409952852283
ppo_final,47,2073,False,0.35640151988500357,0.9045931139277074,0.03585759238142701,False,3.2826763287914345,-64.43199840076358
ppo_final,48,2074,True,0.07163037121451957,0.4995019540595558,0.05080214007821573,False,3.244594095576218,35.293084775682665
ppo_final,49,2075,True,0.09432104538997457,0.6437666554375222,-0.010211460792591867,False,3.358558421817453,23.954217091366818
ppo_final,50,2076,False,0.15059056805282575,0.5170772162246076,0.1469476420190249,False,3.1945698104812683,-14.329803656457674
ppo_final,51,2077,False,0.31763487899729886,0.8656108821719621,-0.035800662148409046,False,3.329898919303375,-64.43665758218525
ppo_final,52,2078,False,0.21339984025062667,0.6846627059203223,-0.1655459073888865,False,3.425999701624977,-46.03208607257368
ppo_final,53,2079,False,0.32638275292864866,0.8424857431718114,0.14483712041640626,False,3.3251791945150617,-64.34915099283856
ppo_final,54,2080,False,0.25486147093229966,0.6300681175759142,-0.24195757048215089,False,3.3055870437175425,-64.41099236025894
ppo_final,55,2081,False,0.3274126735176697,0.87386691092849,0.04805499750937146,False,3.327796125590496,-64.42562010617269
ppo_final,56,2082,False,0.14886376783534763,0.697095247495107,-0.022878145433787248,False,3.348459332410421,-13.462009716596857
ppo_final,57,2083,True,0.021876852620447862,0.5374466344280276,-0.01791674338135183,False,3.299086319382579,60.174132698687295
ppo_final,58,2084,False,0.11888781257342301,0.6614538060674915,0.041380685005970676,False,3.3198204390189248,1.7178370542279224
ppo_final,59,2085,False,0.3696709855807868,0.8075178833998634,0.2652191118858606,False,3.3606218591785666,-64.36340669432515
ppo_final,60,2086,False,0.15704250138137343,0.6354942001159136,-0.1317311238343422,False,3.352293891884429,-17.571776063307045
ppo_final,61,2087,False,0.17714134805887402,0.6986689228314097,0.09631515237107562,False,3.317681104013621,-27.55567643069222
ppo_final,62,2088,False,0.32844304833416826,0.7746195908265031,0.23962653320526742,False,3.358441950085411,-64.3498935955577
ppo_final,63,2089,False,0.24290237245769813,0.6503563136417392,-0.22120165654402138,False,3.282163008638756,-60.77848661535746
ppo_final,64,2090,False,0.26374930004798225,0.7377479081088787,0.18524150797415956,False,3.335803680168216,-64.27596749300552
ppo_final,65,2091,False,0.33963760135368726,0.741800837948944,-0.2802965194492595,False,3.4242408098901373,-64.42106772356397
ppo_final,66,2092,False,0.3563359102844894,0.8111488589185549,0.24243876431753322,False,3.307964500494998,-64.38111686754982
ppo_final,67,2093,True,0.09376342723290138,0.5818710875298552,0.08818057646740525,False,3.3059297244145043,24.230765912719637
ppo_final,68,2094,False,0.20954935750783799,0.7493119557571554,-0.0646968123187337,False,3.318169387707507,-44.03086624554989
ppo_final,69,2095,False,0.12041614596876292,0.660988085180665,0.04670859832942841,False,3.2393720319650035,0.8954501593623042
ppo_final,70,2096,True,0.0739971078595478,0.49513812564016146,-0.04965628573808997,False,3.2380886574236922,34.17868671524395
ppo_final,71,2097,False,0.2644405638965036,0.8087882266754618,0.05438258515435457,False,3.3271212332384277,-64.34078957908832
ppo_final,72,2098,False,0.16132437906833763,0.6633934383914317,-0.11474965538751428,False,3.300330785119256,-19.709703180262032
ppo_final,73,2099,False,0.35771347624236643,0.6906532543297064,-0.328900582443785,False,3.320760691111991,-64.4753489525496
ppo_final,74,2100,False,0.24496168265730697,0.7781774840282958,-0.08911375737121635,False,3.3908378420448964,-61.809894895907256
ppo_final,75,2101,False,0.16133118457048265,0.4794323119086781,-0.1450791250054984,False,3.3552329939819936,-19.69977623832876
ppo_final,76,2102,False,0.3196730499562089,0.8652286786882872,0.053120043305153644,False,3.3417237519060206,-64.33769681780004
ppo_final,77,2103,False,0.2971079800688677,0.7640995354073201,0.2059964581223968,False,3.324624827491571,-64.27313713292457
ppo_final,78,2104,True,0.07645562384255541,0.6115133840210076,0.04540447118333585,False,3.3623480394271614,33.10754868699696
ppo_final,79,2105,False,0.12033298239122638,0.6513139948912594,0.06492689034861494,False,3.303969193389147,1.014203502050624
ppo_final,80,2106,True,0.08476962445376841,0.5641048671104864,-0.0835879294744669,False,3.2983587159635444,28.730018932673854
ppo_final,81,2107,False,0.19762355926065553,0.5747205958131743,-0.19607132201699334,False,3.3400514350200625,-38.06519446634784
ppo_final,82,2108,False,0.16718801771635788,0.6487420717640596,0.13491418209983155,False,3.3891905756219023,-22.644467809533936
ppo_final,83,2109,False,0.27788965728903214,0.8193309345012344,0.06843616988776872,False,3.3431559470659353,-64.35741812664989
ppo_final,84,2110,False,0.3576151913724695,0.7450349786807484,-0.2997498660406173,False,3.2961552099369853,-64.48917965470312
ppo_final,85,2111,False,0.12867170319909224,0.4967586109074708,-0.11713992356004502,False,3.294983678310199,-3.2240374586568086
ppo_final,86,2112,False,0.11700914808661761,0.5423013552338061,-0.11675560630958996,False,3.300405809228552,2.448802367565898
ppo_final,87,2113,False,0.15341240899131928,0.4201252399935154,-0.08165729572902744,False,3.220142005321134,-15.739663935836337
ppo_final,88,2114,False,0.20145190862071197,0.5249196729880209,0.19988458841016202,False,3.3352736643512655,-39.846534622645926
ppo_final,89,2115,False,0.3159864514055723,0.859180205479052,0.06523065239453975,False,3.4136354175455565,-64.35064706913283
ppo_final,90,2116,True,0.07327297671027357,0.5624084871497472,-0.0722146699960531,False,3.3318351715340606,34.483123400419565
ppo_final,91,2117,False,0.13188340863676087,0.5223063390700569,-0.12894298979761634,False,3.3421139104974507,-4.979798976004834
ppo_final,92,2118,False,0.2511390700003332,0.7369578914125159,0.1676829726573876,False,3.388832043908594,-64.33121632496061
ppo_final,93,2119,False,0.2642286174432484,0.7386248139126492,0.18503362357255232,False,3.30847188691181,-64.33572472183103
ppo_final,94,2120,False,0.14632248825882918,0.6845314051257935,0.05754625622171127,False,3.296443220446299,-12.20811709215764
ppo_final,95,2121,False,0.2540982462395789,0.7989998017746066,-0.05064600140422038,False,3.3999479005603854,-64.28888612715885
ppo_final,96,2122,False,0.357507428014971,0.8954594717832884,-0.09202887829964576,False,3.2472795801840957,-64.42441458997075
ppo_final,97,2123,True,0.0896714240612547,0.5980428226613814,-0.07571559604137332,False,3.4121791349443993,26.340754305121123
ppo_final,98,2124,False,0.2075770299391285,0.7573532946152477,0.009635069826013608,False,3.3895762755254095,-42.91827157922579
ppo_final,99,2125,False,0.3472470951464308,0.769597145572323,0.2689937522399403,False,3.375654797532587,-64.35266482092314
